<?xml version="1.0" encoding="UTF-8"?>
<configuration scan="true">
	<property name="LOG_PATH"
		value="D:/Users/1007313/Projects/Test/csv-trade-service/logs" />
	<property name="LOG_FILE" value="csv-service.log" />
	<appender name="appender"
		class="ch.qos.logback.core.rolling.RollingFileAppender">
		<File>${LOG_PATH}/${LOG_FILE}</File>
		<rollingPolicy
			class="ch.qos.logback.core.rolling.TimeBasedRollingPolicy">
			<FileNamePattern>${LOG_PATH}/${LOG_FILE}.%d{yyyy-MM-dd}.log
			</FileNamePattern>
			<!-- keep 30 days' worth of history capped at 15GB total size -->
			<maxHistory>30</maxHistory>
			<totalSizeCap>15GB</totalSizeCap>
		</rollingPolicy>
		<encoder>
			<Pattern>%d{yyyy-MM-dd HH:mm:ss} %highlight(%5level)
				%logger-%M\(%line\) - %msg%n
			</Pattern>
		</encoder>
	</appender>
	<appender name="stdout"
		class="ch.qos.logback.core.ConsoleAppender">
		<encoder>
			<Pattern>%d{yyyy-MM-dd HH:mm:ss} %5level %logger - %msg%n
			</Pattern>
		</encoder>
		<filter class="ch.qos.logback.classic.filter.ThresholdFilter">
			<level>TRACE</level>
		</filter>
	</appender>
	<root level="INFO">
		<appender-ref ref="appender" />
	</root>
	<logger name="org.springframework" level="WARN"
		additivity="false">
		<appender-ref ref="appender" />
	</logger>
</configuration>